<?xml version="1.0" encoding="UTF-8"?>
<metadata xml:lang="es"><Esri><CreaDate>20231122</CreaDate><CreaTime>11482600</CreaTime><ArcGISFormat>1.0</ArcGISFormat><SyncOnce>TRUE</SyncOnce><DataProperties><itemProps><itemLocation><linkage Sync="TRUE">file://\\Archivos\o-pas$\GAMC\Proyectos\Internacional\2023\IM-23-EMODNET_7\Datasets_2023\EMODnet_HA_OceanEnergy_20231120\EMODnet_HA_OceanEnergy_Projects</linkage><protocol Sync="TRUE">Local Area Network</protocol></itemLocation></itemProps><copyHistory><copy source="\\Archivos\o-pas$\GAMC\Proyectos\Internacional\2023\IM-23-EMODNET_7\OriginalData\Ocean Energy\Datos 2023\EMODnet_HA_OceanEnergy\EMODnet_HA_OceanEnergy_Projects_20231120\EMODnet_HA_OceanEnergy_Projects" dest="\\Archivos\o-pas$\GAMC\Proyectos\Internacional\2023\IM-23-EMODNET_7\Datasets_2023\EMODnet_HA_OceanEnergy_20231120\EMODnet_HA_OceanEnergy_Projects" date="20231122" time="11482600"></copy></copyHistory></DataProperties></Esri></metadata>
