<?xml version="1.0" encoding="UTF-8"?>
<gmd:MD_Metadata xmlns:xlink="http://www.w3.org/1999/xlink" xmlns:gml="http://www.opengis.net/gml" xmlns:xsi="http://www.w3.org/2001/XMLSchema-instance" xmlns:gco="http://www.isotc211.org/2005/gco" xmlns:gmd="http://www.isotc211.org/2005/gmd" xsi:schemaLocation="http://www.isotc211.org/2005/gmd http://schemas.opengis.net/iso/19139/20060504/gmd/gmd.xsd">
       <gmd:fileIdentifier>
              <gco:CharacterString>EMODnet_HA_OceanEnergy_20231120</gco:CharacterString>
          </gmd:fileIdentifier>
       <gmd:language>
              <gmd:LanguageCode codeListValue="eng" codeList="http://www.loc.gov/standards/iso639-2/">eng</gmd:LanguageCode>
          </gmd:language>
       <gmd:characterSet>
              <gmd:MD_CharacterSetCode codeListValue="utf8" codeList="http://www.isotc211.org/2005/resources/Codelist/gmxCodelists.xml#MD_CharacterSetCode" codeSpace="ISOTC211/19115">utf8</gmd:MD_CharacterSetCode>
          </gmd:characterSet>
       <gmd:hierarchyLevel>
              <gmd:MD_ScopeCode codeListValue="dataset" codeList="http://standards.iso.org/ittf/PubliclyAvailableStandards/ISO_19139_Schemas/resources/Codelist/ML_gmxCodelists.xml#MD_ScopeCode">dataset</gmd:MD_ScopeCode>
          </gmd:hierarchyLevel>
       <gmd:contact>
              <gmd:CI_ResponsibleParty>
                     <gmd:organisationName>
                            <gco:CharacterString>AZTI</gco:CharacterString>
                        </gmd:organisationName>
                     <gmd:contactInfo>
                            <gmd:CI_Contact>
                                   <gmd:address>
                                          <gmd:CI_Address>
                                                 <gmd:electronicMailAddress>
                                                        <gco:CharacterString>imenchaca@azti.es</gco:CharacterString>
                                                    </gmd:electronicMailAddress>
                                             </gmd:CI_Address>
                                      </gmd:address>
                               </gmd:CI_Contact>
                        </gmd:contactInfo>
                     <gmd:role>
                            <gmd:CI_RoleCode codeListValue="pointOfContact" codeList="http://standards.iso.org/ittf/PubliclyAvailableStandards/ISO_19139_Schemas/resources/Codelist/ML_gmxCodelists.xml#CI_RoleCode">pointOfContact</gmd:CI_RoleCode>
                        </gmd:role>
                 </gmd:CI_ResponsibleParty>
          </gmd:contact>
       <gmd:contact>
              <gmd:CI_ResponsibleParty>
                     <gmd:organisationName>
                            <gco:CharacterString>AZTI</gco:CharacterString>
                        </gmd:organisationName>
                     <gmd:contactInfo>
                            <gmd:CI_Contact>
                                   <gmd:address>
                                          <gmd:CI_Address>
                                                 <gmd:electronicMailAddress>
                                                        <gco:CharacterString>jbald@azti.es</gco:CharacterString>
                                                    </gmd:electronicMailAddress>
                                             </gmd:CI_Address>
                                      </gmd:address>
                               </gmd:CI_Contact>
                        </gmd:contactInfo>
                     <gmd:role>
                            <gmd:CI_RoleCode codeListValue="pointOfContact" codeList="http://standards.iso.org/ittf/PubliclyAvailableStandards/ISO_19139_Schemas/resources/Codelist/ML_gmxCodelists.xml#CI_RoleCode">pointOfContact</gmd:CI_RoleCode>
                        </gmd:role>
                 </gmd:CI_ResponsibleParty>
          </gmd:contact>
      <gmd:contact>
              <gmd:CI_ResponsibleParty>
                     <gmd:organisationName>
                            <gco:CharacterString>AZTI</gco:CharacterString>
                        </gmd:organisationName>
                     <gmd:contactInfo>
                            <gmd:CI_Contact>
                                   <gmd:address>
                                          <gmd:CI_Address>
                                                 <gmd:electronicMailAddress>
                                                        <gco:CharacterString>nmontero.es</gco:CharacterString>
                                                    </gmd:electronicMailAddress>
                                             </gmd:CI_Address>
                                      </gmd:address>
                               </gmd:CI_Contact>
                        </gmd:contactInfo>
                     <gmd:role>
                            <gmd:CI_RoleCode codeListValue="pointOfContact" codeList="http://standards.iso.org/ittf/PubliclyAvailableStandards/ISO_19139_Schemas/resources/Codelist/ML_gmxCodelists.xml#CI_RoleCode">pointOfContact</gmd:CI_RoleCode>
                        </gmd:role>
                 </gmd:CI_ResponsibleParty>
          </gmd:contact>
 <gmd:dateStamp>
              <gco:Date>2023-11-20</gco:Date>
          </gmd:dateStamp>
       <gmd:metadataStandardName>
              <gco:CharacterString>ISO19115</gco:CharacterString>
          </gmd:metadataStandardName>
       <gmd:metadataStandardVersion>
              <gco:CharacterString>2003/Cor.1:2006</gco:CharacterString>
          </gmd:metadataStandardVersion>
       <gmd:referenceSystemInfo>
              <gmd:MD_ReferenceSystem>
                     <gmd:referenceSystemIdentifier>
                            <gmd:RS_Identifier>
                                   <gmd:code>
                                          <gco:CharacterString>EPSG:4326</gco:CharacterString>
                                      </gmd:code>
                               </gmd:RS_Identifier>
                        </gmd:referenceSystemIdentifier>
                 </gmd:MD_ReferenceSystem>
          </gmd:referenceSystemInfo>
       <gmd:referenceSystemInfo>
              <gmd:MD_ReferenceSystem>
                     <gmd:referenceSystemIdentifier>
                            <gmd:RS_Identifier>
                                   <gmd:code>
                                          <gco:CharacterString>ISO 19108 calendar</gco:CharacterString>
                                      </gmd:code>
                               </gmd:RS_Identifier>
                        </gmd:referenceSystemIdentifier>
                 </gmd:MD_ReferenceSystem>
          </gmd:referenceSystemInfo>
       <gmd:identificationInfo>
              <gmd:MD_DataIdentification>
                     <gmd:citation>
                            <gmd:CI_Citation>
                                   <gmd:title>
                                          <gco:CharacterString>EMODnet Human Activities: Ocean Energy</gco:CharacterString>
                                      </gmd:title>
                                   <gmd:date>
                                          <gmd:CI_Date>
                                                 <gmd:date>
                                                        <gco:Date>2023-11-20</gco:Date>
                                                    </gmd:date>
                                                 <gmd:dateType>
                                                        <gmd:CI_DateTypeCode codeListValue="publication" codeList="http://standards.iso.org/ittf/PubliclyAvailableStandards/ISO_19139_Schemas/resources/Codelist/ML_gmxCodelists.xml#CI_DateTypeCode">publication</gmd:CI_DateTypeCode>
                                                    </gmd:dateType>
                                             </gmd:CI_Date>
                                      </gmd:date>
                                   <gmd:date>
                                          <gmd:CI_Date>
                                                 <gmd:date>
                                                        <gco:Date>2023-11-20</gco:Date>
                                                    </gmd:date>
                                                 <gmd:dateType>
                                                        <gmd:CI_DateTypeCode codeListValue="revision" codeList="http://standards.iso.org/ittf/PubliclyAvailableStandards/ISO_19139_Schemas/resources/Codelist/ML_gmxCodelists.xml#CI_DateTypeCode">revision</gmd:CI_DateTypeCode>
                                                    </gmd:dateType>
                                             </gmd:CI_Date>
                                      </gmd:date>
                                   <gmd:date>
                                          <gmd:CI_Date>
                                                 <gmd:date>
                                                        <gco:Date>2014-06-18</gco:Date>
                                                    </gmd:date>
                                                 <gmd:dateType>
                                                        <gmd:CI_DateTypeCode codeListValue="creation" codeList="http://standards.iso.org/ittf/PubliclyAvailableStandards/ISO_19139_Schemas/resources/Codelist/ML_gmxCodelists.xml#CI_DateTypeCode">creation</gmd:CI_DateTypeCode>
                                                    </gmd:dateType>
                                             </gmd:CI_Date>
                                      </gmd:date>
                                   <gmd:identifier>
                                          <gmd:RS_Identifier>
                                                 <gmd:code>
                                                        <gco:CharacterString>EMODnet_HA_OceanEnergy_20231120</gco:CharacterString>
                                                    </gmd:code>
                                             </gmd:RS_Identifier>
                                      </gmd:identifier>
                               </gmd:CI_Citation>
                        </gmd:citation>
                     <gmd:abstract>
                            <gco:CharacterString>The dataset on ocean energy in the European seas was created in 2014 by AZTI for the European Marine Observation and Data Network (EMODnet). It is the result of the aggregation and harmonization of datasets provided by several sources from all across the European countries. It is updated every year, and is available for viewing and download on EMODnet web portal (Human Activities, https://emodnet.ec.europa.eu/en/human-activities). The dataset contains points representing Ocean Energy project sites in the following countries: Belgium, Denmark, Finland, France, Ireland, Italy, Norway, Portugal, Russia, Spain, Sweden, The Netherlands and United Kingdom. Where available, each point has the following attributes: site code (ID_1), project code (ID), name, location, country, sea basin, sea, distance to coast (metres), resource type (wave, tidal, salinity gradient, wave/wind), starting year, ending year, lease status, technology (Based on www.aquaret.com/), device, device scale (Full scale, prototype, etc.), project scale (Commercial, Demonstrator Array, etc.), project status (operational, completed, etc.), project capacity (KW), promoter, position info (it indicates if the attribute value is original from the source or has been estimated or calcultated the polygon centroid) and the studies conducted for the environmental assessment (EIA). In 2016, a feature on areas for ocean energy test sites was included. It contains polygons representing Ocean Energy test sites in the following countries: Denmark, France, Ireland, Norway, Portugal, Spain, Sweden, The Netherlands and United Kingdom. Where available, each polygon has the following attributes: test site code, name, location, country, sea basin, sea, distance to coast (metres), resource type (wave, tidal), starting year, ending year, lease status, site status, capacity (kW), depth (metres), area (square km), grid connection, number of berths, developer, position info (it indicates if the attribute value is original from the source or has been estimated) and the studies conducted for the Environmental Assessment (EIA). In 2023, new data has been included and existing data has been updated.</gco:CharacterString>
                        </gmd:abstract>
                     <gmd:pointOfContact>
                            <gmd:CI_ResponsibleParty>
                                   <gmd:organisationName>
                                          <gco:CharacterString>AZTI</gco:CharacterString>
                                      </gmd:organisationName>
                                   <gmd:contactInfo>
                                          <gmd:CI_Contact>
                                                 <gmd:address>
                                                        <gmd:CI_Address>
                                                               <gmd:electronicMailAddress>
                                                                      <gco:CharacterString>imenchaca@azti.es</gco:CharacterString>
                                                                  </gmd:electronicMailAddress>
                                                               <gmd:electronicMailAddress>
                                                                      <gco:CharacterString>jbald@azti.es</gco:CharacterString>
                                                                  </gmd:electronicMailAddress>
                                                           </gmd:CI_Address>
                                                    </gmd:address>
                                             </gmd:CI_Contact>
                                      </gmd:contactInfo>
                                   <gmd:role>
                                          <gmd:CI_RoleCode codeListValue="author" codeList="http://standards.iso.org/ittf/PubliclyAvailableStandards/ISO_19139_Schemas/resources/Codelist/ML_gmxCodelists.xml#CI_RoleCode">author</gmd:CI_RoleCode>
                                      </gmd:role>
                               </gmd:CI_ResponsibleParty>
                        </gmd:pointOfContact>
                     <gmd:pointOfContact>
                            <gmd:CI_ResponsibleParty>
                                   <gmd:organisationName>
                                          <gco:CharacterString>JRC (Ocean Energy Status Report)</gco:CharacterString>
                                      </gmd:organisationName>
                                   <gmd:contactInfo>
                                          <gmd:CI_Contact>
                                                 <gmd:address>
                                                        <gmd:CI_Address>
                                                               <gmd:electronicMailAddress>
                                                                      <gco:CharacterString>evdokia.tapoglou@ec.europa.eu</gco:CharacterString>
                                                                  </gmd:electronicMailAddress>
                                                           </gmd:CI_Address>
                                                    </gmd:address>
                                             </gmd:CI_Contact>
                                      </gmd:contactInfo>
                                   <gmd:role>
                                          <gmd:CI_RoleCode codeListValue="resourceProvider" codeList="http://standards.iso.org/ittf/PubliclyAvailableStandards/ISO_19139_Schemas/resources/Codelist/ML_gmxCodelists.xml#CI_RoleCode">resourceProvider</gmd:CI_RoleCode>
                                      </gmd:role>
                               </gmd:CI_ResponsibleParty>
                        </gmd:pointOfContact>
                     <gmd:pointOfContact>
                            <gmd:CI_ResponsibleParty>
                                   <gmd:organisationName>
                                          <gco:CharacterString>JRC (SET Plan progress resport)</gco:CharacterString>
                                      </gmd:organisationName>
                                   <gmd:contactInfo>
                                          <gmd:CI_Contact>
                                                 <gmd:address>
                                                        <gmd:CI_Address>
                                                               <gmd:electronicMailAddress>
                                                                      <gco:CharacterString>teodor.kuzov@ec.europa.eu</gco:CharacterString>
                                                                  </gmd:electronicMailAddress>
                                                           </gmd:CI_Address>
                                                    </gmd:address>
                                             </gmd:CI_Contact>
                                      </gmd:contactInfo>
                                   <gmd:role>
                                          <gmd:CI_RoleCode codeListValue="resourceProvider" codeList="http://standards.iso.org/ittf/PubliclyAvailableStandards/ISO_19139_Schemas/resources/Codelist/ML_gmxCodelists.xml#CI_RoleCode">resourceProvider</gmd:CI_RoleCode>
                                      </gmd:role>
                               </gmd:CI_ResponsibleParty>
                        </gmd:pointOfContact>
                     <gmd:pointOfContact>
                            <gmd:CI_ResponsibleParty>
                                   <gmd:organisationName>
                                          <gco:CharacterString>Falmouth Bay Test Site</gco:CharacterString>
                                      </gmd:organisationName>
                                   <gmd:contactInfo>
                                          <gmd:CI_Contact>
                                                 <gmd:address>
                                                        <gmd:CI_Address>
                                                               <gmd:electronicMailAddress>
                                                                      <gco:CharacterString>info@fabtest.com</gco:CharacterString>
                                                                  </gmd:electronicMailAddress>
                                                           </gmd:CI_Address>
                                                    </gmd:address>
                                             </gmd:CI_Contact>
                                      </gmd:contactInfo>
                                   <gmd:role>
                                          <gmd:CI_RoleCode codeListValue="resourceProvider" codeList="http://standards.iso.org/ittf/PubliclyAvailableStandards/ISO_19139_Schemas/resources/Codelist/ML_gmxCodelists.xml#CI_RoleCode">resourceProvider</gmd:CI_RoleCode>
                                      </gmd:role>
                               </gmd:CI_ResponsibleParty>
                        </gmd:pointOfContact>
                     <gmd:pointOfContact>
                            <gmd:CI_ResponsibleParty>
                                   <gmd:organisationName>
                                          <gco:CharacterString>Marine Scotland</gco:CharacterString>
                                      </gmd:organisationName>
                                   <gmd:contactInfo>
                                          <gmd:CI_Contact>
                                                 <gmd:address>
                                                        <gmd:CI_Address>
                                                               <gmd:electronicMailAddress>
                                                                      <gco:CharacterString>marinescotland@gov.scot</gco:CharacterString>
                                                                  </gmd:electronicMailAddress>
                                                           </gmd:CI_Address>
                                                    </gmd:address>
                                             </gmd:CI_Contact>
                                      </gmd:contactInfo>
                                   <gmd:role>
                                          <gmd:CI_RoleCode codeListValue="resourceProvider" codeList="http://standards.iso.org/ittf/PubliclyAvailableStandards/ISO_19139_Schemas/resources/Codelist/ML_gmxCodelists.xml#CI_RoleCode">resourceProvider</gmd:CI_RoleCode>
                                      </gmd:role>
                               </gmd:CI_ResponsibleParty>
                        </gmd:pointOfContact>
                     <gmd:pointOfContact>
                            <gmd:CI_ResponsibleParty>
                                   <gmd:organisationName>
                                          <gco:CharacterString>UK Marine Energy Database (UKMED)</gco:CharacterString>
                                      </gmd:organisationName>
                                   <gmd:contactInfo>
                                          <gmd:CI_Contact>
                                                 <gmd:address>
                                                        <gmd:CI_Address>
                                                               <gmd:electronicMailAddress>
                                                                      <gco:CharacterString>info@RenewableUK.com</gco:CharacterString>
                                                                  </gmd:electronicMailAddress>
                                                           </gmd:CI_Address>
                                                    </gmd:address>
                                             </gmd:CI_Contact>
                                      </gmd:contactInfo>
                                   <gmd:role>
                                          <gmd:CI_RoleCode codeListValue="resourceProvider" codeList="http://standards.iso.org/ittf/PubliclyAvailableStandards/ISO_19139_Schemas/resources/Codelist/ML_gmxCodelists.xml#CI_RoleCode">resourceProvider</gmd:CI_RoleCode>
                                      </gmd:role>
                               </gmd:CI_ResponsibleParty>
                        </gmd:pointOfContact>
                     <gmd:pointOfContact>
                            <gmd:CI_ResponsibleParty>
                                   <gmd:organisationName>
                                          <gco:CharacterString>EMEC Orkney</gco:CharacterString>
                                      </gmd:organisationName>
                                   <gmd:contactInfo>
                                          <gmd:CI_Contact>
                                                 <gmd:address>
                                                        <gmd:CI_Address>
                                                               <gmd:electronicMailAddress>
                                                                      <gco:CharacterString>info@emec.org.uk</gco:CharacterString>
                                                                  </gmd:electronicMailAddress>
                                                           </gmd:CI_Address>
                                                    </gmd:address>
                                             </gmd:CI_Contact>
                                      </gmd:contactInfo>
                                   <gmd:role>
                                          <gmd:CI_RoleCode codeListValue="resourceProvider" codeList="http://standards.iso.org/ittf/PubliclyAvailableStandards/ISO_19139_Schemas/resources/Codelist/ML_gmxCodelists.xml#CI_RoleCode">resourceProvider</gmd:CI_RoleCode>
                                      </gmd:role>
                               </gmd:CI_ResponsibleParty>
                        </gmd:pointOfContact>
                     <gmd:pointOfContact>
                            <gmd:CI_ResponsibleParty>
                                   <gmd:organisationName>
                                          <gco:CharacterString>The Crown Estate</gco:CharacterString>
                                      </gmd:organisationName>
                                   <gmd:contactInfo>
                                          <gmd:CI_Contact>
                                                 <gmd:address>
                                                        <gmd:CI_Address>
                                                               <gmd:electronicMailAddress>
                                                                      <gco:CharacterString>enquiries@thecrownestate.co.uk</gco:CharacterString>
                                                                  </gmd:electronicMailAddress>                                                               
                                                           </gmd:CI_Address>
                                                    </gmd:address>
                                             </gmd:CI_Contact>
                                      </gmd:contactInfo>
                                   <gmd:role>
                                          <gmd:CI_RoleCode codeListValue="resourceProvider" codeList="http://standards.iso.org/ittf/PubliclyAvailableStandards/ISO_19139_Schemas/resources/Codelist/ML_gmxCodelists.xml#CI_RoleCode">resourceProvider</gmd:CI_RoleCode>
                                      </gmd:role>
                               </gmd:CI_ResponsibleParty>
                        </gmd:pointOfContact>
                     <gmd:pointOfContact>
                            <gmd:CI_ResponsibleParty>
                                   <gmd:organisationName>
                                          <gco:CharacterString>IEA-OES GIS Map of Ocean Energy Installations</gco:CharacterString>
                                      </gmd:organisationName>
                                   <gmd:contactInfo>
                                          <gmd:CI_Contact>
                                                 <gmd:address>
                                                        <gmd:CI_Address>
                                                               <gmd:electronicMailAddress>
                                                                      <gco:CharacterString>joseluis.villate@tecnalia.com</gco:CharacterString>
                                                                  </gmd:electronicMailAddress>
                                                           </gmd:CI_Address>
                                                    </gmd:address>
                                             </gmd:CI_Contact>
                                      </gmd:contactInfo>
                                   <gmd:role>
                                          <gmd:CI_RoleCode codeListValue="resourceProvider" codeList="http://standards.iso.org/ittf/PubliclyAvailableStandards/ISO_19139_Schemas/resources/Codelist/ML_gmxCodelists.xml#CI_RoleCode">resourceProvider</gmd:CI_RoleCode>
                                      </gmd:role>
                               </gmd:CI_ResponsibleParty>
                        </gmd:pointOfContact>
                     <gmd:pointOfContact>
                            <gmd:CI_ResponsibleParty>
                                   <gmd:organisationName>
                                          <gco:CharacterString>TETHYS Database</gco:CharacterString>
                                      </gmd:organisationName>
                                   <gmd:contactInfo>
                                          <gmd:CI_Contact>
                                                 <gmd:address>
                                                        <gmd:CI_Address>
                                                               <gmd:electronicMailAddress>
                                                                      <gco:CharacterString>andrea.copping@pnnl.gov</gco:CharacterString>
                                                                  </gmd:electronicMailAddress>
                                                           </gmd:CI_Address>
                                                    </gmd:address>
                                             </gmd:CI_Contact>
                                      </gmd:contactInfo>
                                   <gmd:role>
                                          <gmd:CI_RoleCode codeListValue="resourceProvider" codeList="http://standards.iso.org/ittf/PubliclyAvailableStandards/ISO_19139_Schemas/resources/Codelist/ML_gmxCodelists.xml#CI_RoleCode">resourceProvider</gmd:CI_RoleCode>
                                      </gmd:role>
                               </gmd:CI_ResponsibleParty>
                        </gmd:pointOfContact>
                     <gmd:pointOfContact>
                            <gmd:CI_ResponsibleParty>
                                   <gmd:organisationName>
                                          <gco:CharacterString>MARENDATA</gco:CharacterString>
                                      </gmd:organisationName>
                                   <gmd:contactInfo>
                                          <gmd:CI_Contact>
                                                 <gmd:address>
                                                        <gmd:CI_Address>
                                                               <gmd:electronicMailAddress>
                                                                      <gco:CharacterString>jcleitao@hidromod.com</gco:CharacterString>
                                                                  </gmd:electronicMailAddress>
                                                           </gmd:CI_Address>
                                                    </gmd:address>
                                             </gmd:CI_Contact>
                                      </gmd:contactInfo>
                                   <gmd:role>
                                          <gmd:CI_RoleCode codeListValue="resourceProvider" codeList="http://standards.iso.org/ittf/PubliclyAvailableStandards/ISO_19139_Schemas/resources/Codelist/ML_gmxCodelists.xml#CI_RoleCode">resourceProvider</gmd:CI_RoleCode>
                                      </gmd:role>
                               </gmd:CI_ResponsibleParty>
                        </gmd:pointOfContact>
                     <gmd:pointOfContact>
                            <gmd:CI_ResponsibleParty>
                                   <gmd:organisationName>
                                          <gco:CharacterString>Portal and Repository for Information on Marine Renewable Energy (PRIMRE)</gco:CharacterString>
                                      </gmd:organisationName>
                                   <gmd:contactInfo>
                                          <gmd:CI_Contact>
                                                 <gmd:address>
                                                        <gmd:CI_Address>
                                                               <gmd:electronicMailAddress>
                                                                      <gco:CharacterString>PRIMREHelp@groups.nrel.gov</gco:CharacterString>
                                                                  </gmd:electronicMailAddress>
                                                           </gmd:CI_Address>
                                                    </gmd:address>
                                             </gmd:CI_Contact>
                                      </gmd:contactInfo>
                                   <gmd:role>
                                          <gmd:CI_RoleCode codeListValue="resourceProvider" codeList="http://standards.iso.org/ittf/PubliclyAvailableStandards/ISO_19139_Schemas/resources/Codelist/ML_gmxCodelists.xml#CI_RoleCode">resourceProvider</gmd:CI_RoleCode>
                                      </gmd:role>
                               </gmd:CI_ResponsibleParty>
                        </gmd:pointOfContact>
                     <gmd:pointOfContact>
                            <gmd:CI_ResponsibleParty>
                                   <gmd:organisationName>
                                          <gco:CharacterString>The Crown Estate Scotland</gco:CharacterString>
                                      </gmd:organisationName>
                                   <gmd:contactInfo>
                                          <gmd:CI_Contact>
                                                 <gmd:address>
                                                        <gmd:CI_Address>
                                                               <gmd:electronicMailAddress>
                                                                      <gco:CharacterString>marine@crownestatescotland.com  </gco:CharacterString>
                                                                  </gmd:electronicMailAddress>
                                                           </gmd:CI_Address>
                                                    </gmd:address>
                                             </gmd:CI_Contact>
                                      </gmd:contactInfo>
                                   <gmd:role>
                                          <gmd:CI_RoleCode codeListValue="resourceProvider" codeList="http://standards.iso.org/ittf/PubliclyAvailableStandards/ISO_19139_Schemas/resources/Codelist/ML_gmxCodelists.xml#CI_RoleCode">resourceProvider</gmd:CI_RoleCode>
                                      </gmd:role>
                               </gmd:CI_ResponsibleParty>
                        </gmd:pointOfContact>
                     <gmd:pointOfContact>
                            <gmd:CI_ResponsibleParty>
                                   <gmd:organisationName>
                                          <gco:CharacterString>Ocean Energy Europe</gco:CharacterString>
                                      </gmd:organisationName>
                                   <gmd:contactInfo>
                                          <gmd:CI_Contact>
                                                 <gmd:address>
                                                        <gmd:CI_Address>
                                                               <gmd:electronicMailAddress>
                                                                      <gco:CharacterString>florence.daubree@enr.fr</gco:CharacterString>
                                                                  </gmd:electronicMailAddress>
                                                           </gmd:CI_Address>
                                                    </gmd:address>
                                             </gmd:CI_Contact>
                                      </gmd:contactInfo>
                                   <gmd:role>
                                          <gmd:CI_RoleCode codeListValue="resourceProvider" codeList="http://standards.iso.org/ittf/PubliclyAvailableStandards/ISO_19139_Schemas/resources/Codelist/ML_gmxCodelists.xml#CI_RoleCode">resourceProvider</gmd:CI_RoleCode>
                                      </gmd:role>
                               </gmd:CI_ResponsibleParty>
                        </gmd:pointOfContact>
                     <gmd:pointOfContact>
                            <gmd:CI_ResponsibleParty>
                                   <gmd:organisationName>
                                          <gco:CharacterString>Bretagne Ocean Power</gco:CharacterString>
                                      </gmd:organisationName>
                                   <gmd:contactInfo>
                                          <gmd:CI_Contact>
                                                 <gmd:address>
                                                        <gmd:CI_Address>
                                                               <gmd:electronicMailAddress>
                                                                      <gco:CharacterString>p.thieffry@bretagneoceanpower.fr</gco:CharacterString>
                                                                  </gmd:electronicMailAddress>
                                                           </gmd:CI_Address>
                                                    </gmd:address>
                                             </gmd:CI_Contact>
                                      </gmd:contactInfo>
                                   <gmd:role>
                                          <gmd:CI_RoleCode codeListValue="resourceProvider" codeList="http://standards.iso.org/ittf/PubliclyAvailableStandards/ISO_19139_Schemas/resources/Codelist/ML_gmxCodelists.xml#CI_RoleCode">resourceProvider</gmd:CI_RoleCode>
                                      </gmd:role>
                               </gmd:CI_ResponsibleParty>
                        </gmd:pointOfContact>
                     <gmd:pointOfContact>
                            <gmd:CI_ResponsibleParty>
                                   <gmd:organisationName>
                                          <gco:CharacterString>Offshore Energy</gco:CharacterString>
                                      </gmd:organisationName>
                                   <gmd:contactInfo>
                                          <gmd:CI_Contact>
                                                 <gmd:address>
                                                        <gmd:CI_Address>
                                                               <gmd:electronicMailAddress>
                                                                      <gco:CharacterString>service@offshore-energy.biz</gco:CharacterString>
                                                                  </gmd:electronicMailAddress>
                                                           </gmd:CI_Address>
                                                    </gmd:address>
                                             </gmd:CI_Contact>
                                      </gmd:contactInfo>
                                   <gmd:role>
                                          <gmd:CI_RoleCode codeListValue="resourceProvider" codeList="http://standards.iso.org/ittf/PubliclyAvailableStandards/ISO_19139_Schemas/resources/Codelist/ML_gmxCodelists.xml#CI_RoleCode">resourceProvider</gmd:CI_RoleCode>
                                      </gmd:role>
                               </gmd:CI_ResponsibleParty>
                        </gmd:pointOfContact>
                     <gmd:pointOfContact>
                            <gmd:CI_ResponsibleParty>
                                   <gmd:organisationName>
                                          <gco:CharacterString>OSPAR Data and Information Management System (ODIMS)</gco:CharacterString>
                                      </gmd:organisationName>
                                   <gmd:contactInfo>
                                          <gmd:CI_Contact>
                                                 <gmd:address>
                                                        <gmd:CI_Address>
                                                               <gmd:electronicMailAddress>
                                                                      <gco:CharacterString>secretariat@ospar.org</gco:CharacterString>
                                                                  </gmd:electronicMailAddress>
                                                           </gmd:CI_Address>
                                                    </gmd:address>
                                             </gmd:CI_Contact>
                                      </gmd:contactInfo>
                                   <gmd:role>
                                          <gmd:CI_RoleCode codeListValue="resourceProvider" codeList="http://standards.iso.org/ittf/PubliclyAvailableStandards/ISO_19139_Schemas/resources/Codelist/ML_gmxCodelists.xml#CI_RoleCode">resourceProvider</gmd:CI_RoleCode>
                                      </gmd:role>
                               </gmd:CI_ResponsibleParty>
                        </gmd:pointOfContact>
                     <gmd:descriptiveKeywords>
                            <gmd:MD_Keywords>
                                   <gmd:keyword gco:nilReason="">
                                          <gco:CharacterString>Energy resources</gco:CharacterString>
                                      </gmd:keyword>
                                   <gmd:thesaurusName>
                                          <gmd:CI_Citation>
                                                 <gmd:title>
                                                        <gco:CharacterString>GEMET - INSPIRE themes, version 1.0</gco:CharacterString>
                                                    </gmd:title>
                                                 <gmd:date>
                                                        <gmd:CI_Date>
                                                               <gmd:date>
                                                                      <gco:Date>2008-06-01</gco:Date>
                                                                  </gmd:date>
                                                               <gmd:dateType>
                                                                      <gmd:CI_DateTypeCode codeListValue="publication" codeList="http://standards.iso.org/ittf/PubliclyAvailableStandards/ISO_19139_Schemas/resources/Codelist/ML_gmxCodelists.xml#CI_DateTypeCode">publication</gmd:CI_DateTypeCode>
                                                                  </gmd:dateType>
                                                           </gmd:CI_Date>
                                                    </gmd:date>
                                             </gmd:CI_Citation>
                                      </gmd:thesaurusName>
                               </gmd:MD_Keywords>
                        </gmd:descriptiveKeywords>
                     <gmd:resourceConstraints>
                            <gmd:MD_Constraints>
                                   <gmd:useLimitation>
                                          <gco:CharacterString>Re-use of content for commercial or non-commercial purposes is permitted free of charge, provided that the sources (both EMODnet - Human Activities, and primary sources) are acknowledged. EMODnet - Human Activities accepts no responsibility or liability whatsoever for the re-use of content accessible on its website.</gco:CharacterString>
                                      </gmd:useLimitation>
                               </gmd:MD_Constraints>
                        </gmd:resourceConstraints>
                     <gmd:resourceConstraints>
                            <gmd:MD_LegalConstraints>
                                   <gmd:accessConstraints>
                                          <gmd:MD_RestrictionCode codeListValue="otherRestrictions" codeList="http://standards.iso.org/ittf/PubliclyAvailableStandards/ISO_19139_Schemas/resources/Codelist/ML_gmxCodelists.xml#MD_RestrictionCode">otherRestrictions</gmd:MD_RestrictionCode>
                                      </gmd:accessConstraints>
                                   <gmd:otherConstraints>
                                          <gco:CharacterString>No limitation</gco:CharacterString>
                                      </gmd:otherConstraints>
                               </gmd:MD_LegalConstraints>
                        </gmd:resourceConstraints>
                     <gmd:spatialRepresentationType>
                            <gmd:MD_SpatialRepresentationTypeCode codeListValue="vector" codeList="http://standards.iso.org/ittf/PubliclyAvailableStandards/ISO_19139_Schemas/resources/Codelist/ML_gmxCodelists.xml#MD_SpatialRepresentationTypeCode">vector</gmd:MD_SpatialRepresentationTypeCode>
                        </gmd:spatialRepresentationType>
                     <gmd:language>
                            <gmd:LanguageCode codeListValue="eng" codeList="http://www.loc.gov/standards/iso639-2/">eng</gmd:LanguageCode>
                        </gmd:language>
                     <gmd:topicCategory>
                            <gmd:MD_TopicCategoryCode>utilitiesCommunication</gmd:MD_TopicCategoryCode>
                        </gmd:topicCategory>
                     <gmd:extent>
                            <gmd:EX_Extent>
                                   <gmd:geographicElement>
                                          <gmd:EX_GeographicBoundingBox>
                                                 <gmd:westBoundLongitude>
                                                        <gco:Decimal>-28.4459999999999</gco:Decimal>
                                                    </gmd:westBoundLongitude>
                                                 <gmd:eastBoundLongitude>
                                                        <gco:Decimal>43.6530000000001</gco:Decimal>
                                                    </gmd:eastBoundLongitude>
                                                 <gmd:southBoundLatitude>
                                                        <gco:Decimal>28.037</gco:Decimal>
                                                    </gmd:southBoundLatitude>
                                                 <gmd:northBoundLatitude>
                                                        <gco:Decimal>70.663598</gco:Decimal>
                                                    </gmd:northBoundLatitude>
                                             </gmd:EX_GeographicBoundingBox>
                                      </gmd:geographicElement>
                                   <gmd:temporalElement>
                                          <gmd:EX_TemporalExtent>
                                                 <gmd:extent>
                                                        <gml:TimePeriod>
                                                               <gml:beginPosition>1966-01-01</gml:beginPosition>
                                                               <gml:endPosition>2055-12-01</gml:endPosition>
                                                           </gml:TimePeriod>
                                                    </gmd:extent>
                                             </gmd:EX_TemporalExtent>
                                      </gmd:temporalElement>
                               </gmd:EX_Extent>
                        </gmd:extent>
                 </gmd:MD_DataIdentification>
          </gmd:identificationInfo>
       <gmd:distributionInfo>
              <gmd:MD_Distribution>
                     <gmd:distributionFormat>
                            <gmd:MD_Format>
                                   <gmd:name>
                                          <gco:CharacterString>unknown</gco:CharacterString>
                                      </gmd:name>
                                   <gmd:version>
                                          <gco:CharacterString>unknown</gco:CharacterString>
                                      </gmd:version>
                               </gmd:MD_Format>
                        </gmd:distributionFormat>
                     <gmd:transferOptions>
                            <gmd:MD_DigitalTransferOptions>
                                   <gmd:transferSize>
                                          <gco:Real>0</gco:Real>
                                      </gmd:transferSize>
                                   <gmd:onLine>
                                          <gmd:CI_OnlineResource>
                                                 <gmd:linkage>
                                                        <gmd:URL>http://emodnet.ec.europa.eu/human-activities</gmd:URL>
                                                    </gmd:linkage>
                                                 <gmd:name>
                                                        <gco:CharacterString>EMODnet Human Activities</gco:CharacterString>
                                                    </gmd:name>
                                                 <gmd:description>
                                                        <gco:CharacterString>EMODnet Human Activities aims to facilitate access to existing marine data on activities carried out in EU waters, by building a single entry point for geographic information on human uses of the ocean. The portal makes available information such as geographical position, spatial extent of a series of activities related to the sea, their temporal variation, time when data was provided, and attributes to indicate the intensity of each activity. The data are aggregated and presented so as to preserve personal privacy and commercially-sensitive information. The data also include a time interval so that historic as well as current activities can be included.</gco:CharacterString>
                                                    </gmd:description>
                                                 <gmd:function>
                                                        <gmd:CI_OnLineFunctionCode codeListValue="download" codeList="http://standards.iso.org/ittf/PubliclyAvailableStandards/ISO_19139_Schemas/resources/Codelist/ML_gmxCodelists.xml#CI_OnlineFunctionCode">download</gmd:CI_OnLineFunctionCode>
                                                    </gmd:function>
                                             </gmd:CI_OnlineResource>
                                      </gmd:onLine>
                               </gmd:MD_DigitalTransferOptions>
                        </gmd:transferOptions>
                 </gmd:MD_Distribution>
          </gmd:distributionInfo>
       <gmd:dataQualityInfo>
              <gmd:DQ_DataQuality>
                     <gmd:scope>
                            <gmd:DQ_Scope>
                                   <gmd:level>
                                          <gmd:MD_ScopeCode codeListValue="dataset" codeList="http://standards.iso.org/ittf/PubliclyAvailableStandards/ISO_19139_Schemas/resources/Codelist/ML_gmxCodelists.xml#MD_ScopeCode">dataset</gmd:MD_ScopeCode>
                                      </gmd:level>
                               </gmd:DQ_Scope>
                        </gmd:scope>
                     <gmd:report>
                            <gmd:DQ_DomainConsistency xsi:type="gmd:DQ_DomainConsistency_Type">
                                   <gmd:result>
                                          <gmd:DQ_ConformanceResult xsi:type="gmd:DQ_ConformanceResult_Type">
                                                 <gmd:specification>
                                                        <gmd:CI_Citation>
                                                               <gmd:title>
                                                                      <gco:CharacterString>COMMISSION REGULATION (EC) No 1205/2008 of 3 December 2008 implementing Directive 2007/2/EC of the European Parliament and of the Council as regards metadata</gco:CharacterString>
                                                                  </gmd:title>
                                                               <gmd:date>
                                                                      <gmd:CI_Date>
                                                                             <gmd:date>
                                                                                    <gco:Date>2008-04-12</gco:Date>
                                                                                </gmd:date>
                                                                             <gmd:dateType>
                                                                                    <gmd:CI_DateTypeCode codeListValue="publication" codeList="http://standards.iso.org/ittf/PubliclyAvailableStandards/ISO_19139_Schemas/resources/Codelist/ML_gmxCodelists.xml#CI_DateTypeCode">publication</gmd:CI_DateTypeCode>
                                                                                </gmd:dateType>
                                                                         </gmd:CI_Date>
                                                                  </gmd:date>
                                                           </gmd:CI_Citation>
                                                    </gmd:specification>
                                                 <gmd:explanation>
                                                        <gco:CharacterString>See the referenced specification</gco:CharacterString>
                                                    </gmd:explanation>
                                                 <gmd:pass gco:nilReason="template"></gmd:pass>
                                             </gmd:DQ_ConformanceResult>
                                      </gmd:result>
                               </gmd:DQ_DomainConsistency>
                        </gmd:report>
                     <gmd:report>
                            <gmd:DQ_TopologicalConsistency>
                                   <gmd:result>
                                          <gmd:DQ_ConformanceResult xsi:type="gmd:DQ_ConformanceResult_Type">
                                                 <gmd:specification xlink:href=""></gmd:specification>
                                             </gmd:DQ_ConformanceResult>
                                      </gmd:result>
                               </gmd:DQ_TopologicalConsistency>
                            <gmd:DQ_DomainConsistency xsi:type="gmd:DQ_DomainConsistency_Type">
                                   <gmd:result>
                                          <gmd:DQ_ConformanceResult xsi:type="gmd:DQ_ConformanceResult_Type">
                                                 <gmd:specification>
                                                        <gmd:CI_Citation>
                                                               <gmd:title>
                                                                      <gco:CharacterString>Corrigendum to INSPIRE Metadata Regulation published in the Official Journal of the European Union, L 328, page 83</gco:CharacterString>
                                                                  </gmd:title>
                                                               <gmd:date>
                                                                      <gmd:CI_Date>
                                                                             <gmd:date>
                                                                                    <gco:Date>2009-12-15</gco:Date>
                                                                                </gmd:date>
                                                                             <gmd:dateType>
                                                                                    <gmd:CI_DateTypeCode codeListValue="publication" codeList="http://standards.iso.org/ittf/PubliclyAvailableStandards/ISO_19139_Schemas/resources/Codelist/ML_gmxCodelists.xml#CI_DateTypeCode">publication</gmd:CI_DateTypeCode>
                                                                                </gmd:dateType>
                                                                         </gmd:CI_Date>
                                                                  </gmd:date>
                                                           </gmd:CI_Citation>
                                                    </gmd:specification>
                                                 <gmd:explanation>
                                                        <gco:CharacterString>See the referenced specification</gco:CharacterString>
                                                    </gmd:explanation>
                                                 <gmd:pass gco:nilReason="template"></gmd:pass>
                                             </gmd:DQ_ConformanceResult>
                                      </gmd:result>
                               </gmd:DQ_DomainConsistency>
                        </gmd:report>
                     <gmd:report>
                            <gmd:DQ_DomainConsistency xsi:type="gmd:DQ_DomainConsistency_Type">
                                   <gmd:result>
                                          <gmd:DQ_ConformanceResult xsi:type="gmd:DQ_ConformanceResult_Type">
                                                 <gmd:specification>
                                                        <gmd:CI_Citation>
                                                               <gmd:title>
                                                                      <gco:CharacterString>Commission Regulation (EU) No 1089/2010 of 23 November 2010 implementing Directive 2007/2/EC of the European Parliament and of the Council as regards interoperability of spatial data sets and services</gco:CharacterString>
                                                                  </gmd:title>
                                                               <gmd:date>
                                                                      <gmd:CI_Date>
                                                                             <gmd:date>
                                                                                    <gco:Date>2010-08-12</gco:Date>
                                                                                </gmd:date>
                                                                             <gmd:dateType>
                                                                                    <gmd:CI_DateTypeCode codeListValue="publication" codeList="http://standards.iso.org/ittf/PubliclyAvailableStandards/ISO_19139_Schemas/resources/Codelist/ML_gmxCodelists.xml#CI_DateTypeCode">publication</gmd:CI_DateTypeCode>
                                                                                </gmd:dateType>
                                                                         </gmd:CI_Date>
                                                                  </gmd:date>
                                                           </gmd:CI_Citation>
                                                    </gmd:specification>
                                                 <gmd:explanation>
                                                        <gco:CharacterString>See the referenced specification</gco:CharacterString>
                                                    </gmd:explanation>
                                                 <gmd:pass gco:nilReason="template"></gmd:pass>
                                             </gmd:DQ_ConformanceResult>
                                      </gmd:result>
                               </gmd:DQ_DomainConsistency>
                        </gmd:report>
                     <gmd:lineage>
                            <gmd:LI_Lineage>
                                   <gmd:statement>
                                          <gco:CharacterString>Data were retrieved from different sources. Validation and quality assurance remain up to primary data sources, while harmonization is carried out by AZTI. The harmonisation process consisted of identifying a set of attributes common to all the different datasets, thus creating a single data model. To do so, it was necessary to define a homogenous set of variables for each attribute. Therefore, raw data attributes may use a different terminology, although the information contained remains basically the same. For further information on validation and quality assurance, it is suggested that primary data sources are contacted. Generally speaking, data are to be considered very reliable, because they come from sources officially in charge for their collection.</gco:CharacterString>
                                      </gmd:statement>
                               </gmd:LI_Lineage>
                        </gmd:lineage>
                 </gmd:DQ_DataQuality>
          </gmd:dataQualityInfo>
   </gmd:MD_Metadata>
